Timestamp,Username,IP Address
Jun 28 16:10:23,root,::1
Jun 28 16:10:31,root,::1
Jun 28 16:10:38,root,::1
Jun 28 16:12:00,root,::1
Jun 28 16:12:06,root,::1
Jun 28 16:12:12,root,::1
Jun 28 16:15:10,root,::1
Jun 28 16:15:18,root,::1
Jun 28 16:16:30,root,::1
Jun 28 16:19:48,root,::1
Jun 28 16:19:55,root,::1
Jun 28 16:19:59,root,::1
Jun 28 16:36:10,root,::1
Jun 28 16:43:55,root,::1
Jun 28 21:11:31,root,::1
Jun 28 21:11:38,root,::1
Jun 28 21:11:43,root,::1
Jun 28 21:16:51,root,::1
Jun 28 21:16:55,root,::1
Jun 28 21:18:59,root,::1
Jun 28 21:19:04,root,::1
Jun 28 21:19:10,root,::1
Jun 29 12:07:59,root,::1
Jun 29 12:08:03,root,::1
Jun 29 12:08:08,root,::1
Jun 29 12:11:55,root,::1
Jun 29 12:12:00,root,::1
Jun 29 12:12:05,root,::1
Jun 29 16:53:46,root,::1
Jun 29 16:53:50,root,::1
Jun 29 16:53:55,root,::1
Jun 30 13:42:02,root,::1
Jun 30 13:44:55,karunya,::1
Jun 30 14:41:50,karunya,::1
Jun 30 14:41:56,karunya,::1
Jun 30 14:42:03,karunya,::1
Jun 30 14:42:50,root,::1
Jun 30 14:42:56,root,::1
Jun 30 14:43:00,root,::1
Jun 28 17:55:50,root,192.168.100.5
Jun 28 18:11:15,root,192.168.100.5
Jun 28 20:15:13,root,192.168.100.5
Jun 29 12:00:23,root,192.168.100.5
Jun 29 12:00:29,root,192.168.100.5
Jun 29 12:00:34,root,192.168.100.5
